SpeakerCodename,DisplayName,Confidence,MatchedCharacterKey,LineCount,SuggestedVoiceProfile,ExampleSID,ExampleEnglishText
"pc","Skif","HIGH_exact","pc",244,"Voice_Skif","E08_MQ01_Dialog_OzerskijGivesQuest_WhoAreThey_58917","C-Consciousness? That rings a bell."
"banzaj_0","Banzai","HIGH_pkgprefix","supack_banzaj_0",201,"Voice_Banzai","supack_Kazkovy_Hub_QD_Banzai_Info1_1_77682","We opened this closet up, and there it was! Probably left from a radio class. Enough spares for a shop – and nothing had burst or got soaked!"
"gonta","Honta","HIGH_plus0","gonta_0",182,"Voice_Honta","SQ94_QC_Gonta_AgrroSkif_AgrroSkif_80941","Fuck, Skif! Everyone move!"
"vozatyj_0","Harcmistrz","HIGH_pkgprefix","supack_vozatyj_0",178,"Voice_Harcmistrz","supack_Kazkovy_Hub_QD_HubInfo_Final_1_79940","It's become our home. Rascal will set up shop, Medulin will make us dig a bunker. Banzai… let's just hope he gets better."
"","","NONE","",136,"","General_army_0_MutantLootBig_Mercenaries_1_79641","You bought me half a suit, mate!"
"PC","Skif","HIGH_exact","PC",130,"Voice_Skif","SQ02_Dialog_MitiayTalksOfThePast_Disaster_51355","Do you remember anything about the disaster in '86?"
"assistent_medulin_0","Zastępca profesora Medulin","HIGH_pkgprefix","supack_assistent_medulin_0",117,"Voice_ZastępcaprofesoraMedulin","supack_Kazkovy_Hub_QD_Medulin_Info1_1_77685","I'll demand decent conditions for us from Scoutmaster. This is a matter of life and death, literally. I'm not trained to work in a field hospital!"
"arik_zuza","Jaryk Żuża","HIGH_plus0","arik_zuza_0",49,"Voice_JarykŻuża","SQ94_QC_Zuza_FirstComplain_FirstComplain_80939","Honta hunted a chimera when he was my age! And he won't let me do anything other than hunt fleshes. What's his deal?"
"zombirovannyj_ucenyj","Profesor Michiejew","HIGH_plus0","zombirovannyj_ucenyj_0",43,"Voice_ProfesorMichiejew","SQ103_AL_Miheyev_Kovalenko_MiheyevAudio_86545","I asked you to buy the sedatives a whole week ago! You still haven't managed to, and Nestor is sending five for processing today."
"cerep_0","Czacha","HIGH_pkgprefix","supack_cerep_0",40,"Voice_Czacha","supack_SQ100_QD_Skif_Choice_DoTheyWorthHelp_78839","You sure they're worth your help? Or your life? This is the last time I'm gonna ask you."
"viktoria_doroznuk","Wiktoria Dorożniuk","HIGH_plus0","viktoria_doroznuk_0",34,"Voice_WiktoriaDorożniuk","EQ197_QD_Orders_Bloodsucker_73047","Bloodsucker tentacles. And, before you ask, we don't make first aid kits out of them!"
"konder","Dioda","HIGH_plus0","konder_0",33,"Voice_Dioda","SQ103_AL_DiodFirstCall_1_86469","Skif, come in. I need your help with this lab. If you're up for it, I'm waiting at the Slag Heap."
"selma_0","Urwis","HIGH_pkgprefix","supack_selma_0",21,"Voice_Urwis","supack_Kazkovy_Hub_QD_Selma_Meet3_1_80021","After he almost got us killed?! Nah, that won't fly. He's in the doghouse while he works his fingers to the bone as payback. He can take that gift and shove it."
"leha_abrikos_0","Liocha Morela","HIGH_pkgprefix","supack_leha_abrikos_0",17,"Voice_LiochaMorela","supack_SQ99_QD_ShelmaBanditsRecap_Recap_78773","Once I get paid, I'll bolt to the mainland. Buy myself a tire shop. And get married, fo sho!"
"toha_utug_0","Tocha Chrząstka","HIGH_pkgprefix","supack_toha_utug_0",15,"Voice_TochaChrząstka","supack_SQ99_QC_BanditsRandom_FirstAttempt_78770","Pickaxe. Come in, damn it…"
"polkovnik_korsunov","Pułkownik Korszunow","HIGH_plus0","polkovnik_korsunov_0",13,"Voice_PułkownikKorszunow","Bossfights_Contextuals_Korshunov_Stun_idle_70564"," "
"guron","Huron","HIGH_plus0","guron_0",13,"Voice_Huron","EQ198_AboutParts_Guron_1_73412","What kinda question is that? The only thing I can smell is money."
"bereza","Brzoza","HIGH_plus0","bereza_0",11,"Voice_Brzoza","EQ198_AboutParts_Bereza_1_73424","Ever heard of complementary sales? Relax. I'm just messing with you."
"boroda","Brodacz","HIGH_plus0","boroda_0",11,"Voice_Brodacz","EQ198_AboutParts_Boroda_1_73421","I don’t really care what I trade in. And that damn Zaton zoo finally getting cleared out is a good thing."
"p_hyphen_k_degtarev","Pułkownik Diegtiariow","HIGH_plus0","p_hyphen_k_degtarev_0",10,"Voice_PułkownikDiegtiariow","E14_Bossfight_Korshunov_Comment_Degot_FinishHim_Stage2_1_FF_68842","NOW, Stalker!"
"sram","Szrama","HIGH_plus0","sram_0",9,"Voice_Szrama","Bossfights_Contextuals_Scar_Death_idle_70566"," "
"kirka_0","Kilof","HIGH_pkgprefix","supack_kirka_0",8,"Voice_Kilof","supack_SQ95_AL_KirkaPDAAudiolog_HaveTechnician_77487","I got the tech. Turns out he's a useful smartass. Fixed our pump so it doesn't keep cutting out."
"sona_kalina","Sonia Kalyna","HIGH_plus0","sona_kalina_0",7,"Voice_SoniaKalyna","EQ198_AboutParts_Kalyna_1_73418","You, of all people, Skif… Because there needs to be a supply when there's demand."
"brodaga","Włóczęga","HIGH_plus0","brodaga_0",6,"Voice_Włóczęga","E04_MQ01_brodaga_0_NPC_HitReaction_AgonyDeath_1_FF_59531","(screaming in agony)"
"bata","Tatko","HIGH_plus0","bata_0",6,"Voice_Tatko","EQ198_AboutParts_Batya_1_73409","Why not? Gives them something to do. Before that, new folks would be hunted by bandits or just get themselves in some other kinda trouble."
"infostend","Znak informacyjny","HIGH_plus0","infostend_0",5,"Voice_Znakinformacyjny","E06_MQ01_Comment_InfostendEkzoVarta_1_70345","Generation 3 skeletons, designed by military professionals after the Zone emerged, have been used for military operations in a highly radioactive, anomalous environment."
"doktor_kajmanov","Doktor Kajmanow","HIGH_plus0","doktor_kajmanov_0",5,"Voice_DoktorKajmanow","E10_MQ01_doktor_kajmanov_0_NPC_HitReaction_Anomaly_1_FF_68643","(cries in pain)"
"barmen","Barman","HIGH_plus0","barmen_0",5,"Voice_Barman","SQ90_Dialog_ClosingQuestWithBarmanWithoutTakingQuest_1_66445","That's right. Thank you, Skif, that's one less trouble for us. Here, for your services. Freedom won't forget who saved the day."
"Kluc","Klucz","HIGH_plus0","Kluc_0",3,"Voice_Klucz","ANCQ27_AL_KlucUpdated_NK4_80269","Check, one-two… yeah, it's working. This is Wrench, NK-4 research group. Day three. We made it out. Recorded that famous transmission of yours — no big deal… Don't forget, you owe me one."
"rihter","Richter","HIGH_plus0","rihter_0",3,"Voice_Richter","E02_MQ01_rihter_0_NPC_HitReaction_Anomaly_1_FF_68650","(cries out)"
"sistema_opovesenia","System powiadomień „Egida”","HIGH_plus0","sistema_opovesenia_0",3,"Voice_Systempowiadomień„Egida”","E06_MQ01_Comment_Announcement_AfterLections_1_70327","Attention! Due to Aegis Protocol initiation, groups 21-05 and 22-03 will depart ahead of schedule. "
"professor_kotovskij","Nieznany","HIGH_plus0","professor_kotovskij_0",3,"Voice_Nieznany","E07_MQ03_Audiolog_RAudio02_P1_59669","Arrived at the Promin facility to locate and eliminate any potential records related to Project X and the Team."
"professor_ozerskij","Profesor Oziorski","HIGH_plus0","professor_ozerskij_0",3,"Voice_ProfesorOziorski","E08_MQ01_Dialog_OzerskijGivesQuest_GeneralPlan_58910","Fortunately, the X-Network is up and running again. There’s an abandoned Mirror facility nearby. It was used to study induced illusions until 2008."
"strelok","Striełok","HIGH_plus0","strelok_0",3,"Voice_Striełok","E08_MQ03_Audiolog_StrelokX5_1_64267","Today is March 3rd, 2017."
"professor_dvupalov","Profesor Dwupałow","HIGH_plus0","professor_dvupalov_0",3,"Voice_ProfesorDwupałow","E08_MQ03_Comment_Dvupalov_DrunkRadio3_1_58132","(drunken snoring)"
"rudoj","Dmytro Nor","HIGH_plus0","rudoj_0",3,"Voice_DmytroNor","E12_MQ01_Dialog_YanovStart_icanpay2_86370","And what good are your coupons? Ammo's worth more to me lately, as I can at least hold that in my hand."
"grom","Kapitan Hromowij","HIGH_plus0","grom_0",3,"Voice_KapitanHromowij","EQ37_Dialog_AboutPast_MoreInfo_49131","You’ve heard of the Second Disaster, right? That’s what they call the very first Emission, the one that created the Zone. It happened back in 2006."
"opanas_urkagan","Panas Shun","HIGH_plus0","opanas_urkagan_0",3,"Voice_PanasShun","SQ25_Comment_GuysWIthPanas_Tost2_ForSomeoneWhoTreating_35286","(unintelligible moan)"
"zagadocnaa_zapis","Dziwne nagranie","HIGH_plus0","zagadocnaa_zapis_0",2,"Voice_Dziwnenagranie","ANCQ26_AL_StrangeRecording_Subtitles_79270","(a recording of a weird and unpleasant sound)"
"star","","UNMATCHED","",2,"","E03_MQ02_Dialog_StarReturn_TakeIt_45318","Product 81! Good job! If not for you, another secret would have been lost to SIRCAA and the Ward."
"krucok","Sierżant Kruczok","HIGH_plus0","krucok_0",2,"Voice_SierżantKruczok","E03_SQ01_Comment_VartaGuard_1_IsHesilent_45431","He must think we're a bunch of idiots. There’s 300 yards of open terrain there – not even a rat could get through. Or whatever passes for rats around here."
"faust","Faust","HIGH_plus0","faust_0",2,"Voice_Faust","E05_MQ04_faust_0_NPC_HitReaction_AverageDeath_Grunt_1_69658","(death cry)"
"doktor_vavilov","Doktor Wawylow","HIGH_plus0","doktor_vavilov_0",2,"Voice_DoktorWawylow","E06_MQ01_Dialog_Vavilov_carribean_56824","The second experiment took place in 2019. Some call it a total failure, but I beg to differ. Even a failure can yield results if you know where to find them."
"klerik","Kleryk","HIGH_plus0","klerik_0",2,"Voice_Kleryk","E08_MQ05_Comment_AssaultRadioFluff4_Point_64735","We’re in position, boss. The garage, 20 to the north. We just spotted a scouting party."
"kapitan_smidt","Kapitan Szmidow","HIGH_plus0","kapitan_smidt_0",2,"Voice_KapitanSzmidow","E09_EQ01_Comment_CSK_Shmi_medshmi_60620","Thanks, stalker."
"molotok","Młotek","HIGH_plus0","molotok_0",2,"Voice_Młotek","E14_MQ01_Comment_MolotokRadio1_1_66462","Sector 6. Clear."
"predstavitel","Reprezentant","HIGH_plus0","predstavitel_0",2,"Voice_Reprezentant","E14_MQ02_Dialog_Representative_AfterCutscene_Plan_70022","In the disaster of 2006, C-Consciousness took control of the X-Network and Anomalous energy. Later, we created the Monolith and the Agents. But there were those who helped us from the beginning."
"serzant_necereda","Sierżant Neczereda","HIGH_plus0","serzant_necereda_0",2,"Voice_SierżantNeczereda","EQ163_serzant_necereda_0_ByeTopic_1_68972","Good bye, stalker."
"litvin","Jura Litwin","HIGH_plus0","litvin_0",2,"Voice_JuraLitwin","EQ33_Comment_JeltokLitvin2_1_58316","Once these 24 hours are up, you and I are gonna have a little chat…"
"lena_sprot","Liończyk Szprotka","HIGH_plus0","lena_sprot_0",2,"Voice_LiończykSzprotka","EQ55_Dialog_Joke_HospitalDiffSilence_60911","And, uh… the death truck? The truck’s about 150 pounds heavier!"
"zombirovannyj_bandit_varana_sq103","Fedko Kiks","HIGH_plus0","zombirovannyj_bandit_varana_sq103_0",2,"Voice_FedkoKiks","SQ103_QC_ZombieInterrogation_1_86750","I told… told you everything."
"zombirovannyj_stalker_sq103","Kostyk Swada","HIGH_plus0","zombirovannyj_stalker_sq103_0",2,"Voice_KostykSwada","SQ103_QC_ZombiePDA2_1_86579","PDA… my. Lost…"
"marsal","Jager","HIGH_plus0","marsal_0",1,"Voice_Jager","ConcretePlant_Hub_marsal_0_HelloTopic_HelloTopic_61040","Hello, stalker."
"veniamin","Reporter","HIGH_plus0","veniamin_0",1,"Voice_Reporter","DLC00_ItemHunt_Audiolog_IV_main_70714","If you, like me, are not willing to give up, just like me, head over to Prypiat. The door code is 2021, you don't have to knock."
"serzant_petrusenko","Żołnierz Petruszenko","HIGH_plus0","serzant_petrusenko_0",1,"Voice_ŻołnierzPetruszenko","E02_MQ03_Audiolog_E02_MQ03_MSOP_Note_1_70288","All set. The tunnel codes have been updated: it’s 2765 now."
"ceba","Czeba","HIGH_plus0","ceba_0",1,"Voice_Czeba","E02_MQ03_Comment_EmisionScene_2_AllIsDead_39558","Well… there are the Islanders. Rumor has it they don’t give a damn about the Emissions. But they’re not exactly the sociable sort. I’ve never seen anyone survive an Emission myself."
"zorik","Żorik","HIGH_plus0","zorik_0",1,"Voice_Żorik","E02_SQ01_zorik_0_DefeatTopic_1_35841","Argh, you got me!"
"malar","Kolia Plaster","HIGH_plus0","malar_0",1,"Voice_KoliaPlaster","E02_SQ02_malar_0_HelloTopic_hello_68080","Hi, stalker!"
"kapitan_skarlat","Kapitan Szkarłat","HIGH_plus0","kapitan_skarlat_0",1,"Voice_KapitanSzkarłat","E03_MQ01_Comment_AssaultBrief_Comment_36782","We’re moving out, stalker."
"bora_galuska","Boria Pierożek","HIGH_plus0","bora_galuska_0",1,"Voice_BoriaPierożek","E03_MQ01_bora_galuska_0_HelloTopic_hello_46146","Spill it, stalker."
"denis_vorobev","Porucznik Worobiow","HIGH_plus0","denis_vorobev_0",1,"Voice_PorucznikWorobiow","E03_MQ01_denis_vorobev_0_ResumeComment_1_67951","Go on, stalker."
"kogut","Kogut","HIGH_plus0","kogut_0",1,"Voice_Kogut","E03_MQ06_kogut_0_ByeTopic_ByeTopic_53950","Buh-bye."
"lejtenant_majstrenko","Porucznik Majstrenko","HIGH_plus0","lejtenant_majstrenko_0",1,"Voice_PorucznikMajstrenko","E03_MQ06_lejtenant_majstrenko_0_ByeTopic_1_51591","At ease, stalker."
"stepanenko","Sierżant Stepanenko","HIGH_plus0","stepanenko_0",1,"Voice_SierżantStepanenko","E03_SQ01_Comment_StepanenkoBefore_goaway_46299","Beat it, stalker."
"radovoj_zizko","Żołnierz Żyżko","HIGH_plus0","radovoj_zizko_0",1,"Voice_ŻołnierzŻyżko","E05_MQ01_Comment_VartaAlpha_Shout2_Shout_PP_48769","Alpha Zero, I can’t hear you!"
"radovoj_strober","Żołnierz Wujczyk","HIGH_plus0","radovoj_strober_0",1,"Voice_ŻołnierzWujczyk","E05_MQ01_radovoj_strober_0_HelloTopic_1_56427","Greetings, stalker."
"sustryj","Żwawy","HIGH_plus0","sustryj_0",1,"Voice_Żwawy","E05_MQ02_sustryj_0_NPC_HitReaction_AverageDeath_Grunt_1_69749","(screams)"
"lejtenant_korban","Porucznik Korban","HIGH_plus0","lejtenant_korban_0",1,"Voice_PorucznikKorban","E06_MQ01_lejtenant_korban_0_HelloTopic_1_59386","Yes, stalker?"
"professor_german","Profesor Hermann","HIGH_plus0","professor_german_0",1,"Voice_ProfesorHermann","E06_MQ01_professor_german_0_NPC_HitReaction_Explosion_1_68576","(coughs)"
"serzant_lebedev","Sierżant Lebiedew","HIGH_plus0","serzant_lebedev_0",1,"Voice_SierżantLebiedew","E06_MQ01_serzant_lebedev_0_HelloTopic_1_59393","I’m listening, stalker."
"docent_orlov","Docent Orlow","HIGH_plus0","docent_orlov_0",1,"Voice_DocentOrlow","E07_MQ03_Audiolog_RAudio01_ARC_59666","November 8, 1976. Commencing stage two of the Duga test. Launch in three…"
"linza","Soczewka","HIGH_plus0","linza_0",1,"Voice_Soczewka","E07_SQ01_Dialog_Linza_Moans_ouch_52410","Hrm…"
"ales_bavaria","Ales Bawaria","HIGH_plus0","ales_bavaria_0",1,"Voice_AlesBawaria","E07_SQ01_ales_bavaria_0_ByeTopic_1_59194","Move along, stalker."
"sanchez","Sanchez","HIGH_plus0","sanchez_0",1,"Voice_Sanchez","E08_EQ03_sanchez_0_HelloTopic_1_67664","Hey, stalker."
"kudzo","Kudżo","HIGH_plus0","kudzo_0",1,"Voice_Kudżo","E08_MQ05_Comment_TinyFluff1_Ambush_64769","Ambush on the roof! We need backup, 150 to the—"
"cajnataun","Chinatown","HIGH_plus0","cajnataun_0",1,"Voice_Chinatown","E08_MQ05_cajnataun_0_ByeTopic_1_67092","Buh-bye."
"aspirant_serba","Doktorant Szczerba","HIGH_plus0","aspirant_serba_0",1,"Voice_DoktorantSzczerba","E08_SQ01_Comment_SherbaStillNoResults_nothinghappens_60599","Subject 48 failed the test. Terminated via sedatives."
"serzant_lazarenko","Sierżant Lazarenko","HIGH_plus0","serzant_lazarenko_0",1,"Voice_SierżantLazarenko","E09_EQ01_Comment_SCD_Laz_lazbez_FF_60613","(moaning)"
"pleer","Odtwarzacz muzyki","HIGH_plus0","pleer_0",1,"Voice_Odtwarzaczmuzyki","E14_MQ02_Comment_RichterPlayer_1_71062","(music)"
"agata","Agata","HIGH_plus0","agata_0",1,"Voice_Agata","E14_MQ02_agata_0_HelloTopic_HelloTopic_69074","Go ahead, Yevhen, please."
"pripoj","Spawacz","HIGH_plus0","pripoj_0",1,"Voice_Spawacz","E15_MQ02_Comment_Prypoi_prypoi_67418","(smacking his lips)"
"serzant_ionesku","Sierżant Jonesku","HIGH_plus0","serzant_ionesku_0",1,"Voice_SierżantJonesku","E16_MQ01_Comment_Ionesku_Protocol78_1_67230","Initiate protocol 78-A."
"doktor_krivenko","Doktor Krywenko","HIGH_plus0","doktor_krivenko_0",1,"Voice_DoktorKrywenko","E16_MQ01_Comment_Krivenko_OnFirstInteract_1_67235","I’ve worked so hard for this moment... you do realize that without class 5 protection, none of this would’ve been possible, right?"
"toha_tunec","Tocha Tuńczyk","HIGH_plus0","toha_tunec_0",1,"Voice_TochaTuńczyk","EQ04_toha_tunec_0_ByeTopic_1_42480","Buh-bye!"
"krucenyj","Sanko Kręty","HIGH_plus0","krucenyj_0",1,"Voice_SankoKręty","EQ08_krucenyj_0_ByeTopic_Bye_59147","Bye-bye!"
"starsij_soldat_kostas","Żołnierz Kostas","HIGH_plus0","starsij_soldat_kostas_0",1,"Voice_ŻołnierzKostas","EQ148_Audiolog_KontrollerFight_1_64257","Aaaaah!"
"kuza","Kuzja","HIGH_plus0","kuza_0",1,"Voice_Kuzja","EQ14_Comment_Bandits_Rumble_Interrupt_bandit_rumble_interrupt_13806","Hey, stalker! Over here!"
"zeka_svetlyj","Jasny Żeka","HIGH_plus0","zeka_svetlyj_0",1,"Voice_JasnyŻeka","EQ14_zeka_svetlyj_0_ByeTopic_Bye_56290","Buh-bye."
"vova_pantera","Wowa Pantera","HIGH_plus0","vova_pantera_0",1,"Voice_WowaPantera","EQ154_vova_pantera_0_HelloTopic_1_56664","Yes, stalker?"
"moroz","Zamieć","HIGH_plus0","moroz_0",1,"Voice_Zamieć","EQ156_moroz_0_HelloTopic_hellotopic_57437","Hi, stalker!"
"vadik_petarda","Wadyk Petarda","HIGH_plus0","vadik_petarda_0",1,"Voice_WadykPetarda","EQ164_vadik_petarda_0_ByeTopic_1_65332","So long, stalker!"
"s_hyphen_t_igor_valunec","Sierżant Walunec","HIGH_plus0","s_hyphen_t_igor_valunec_0",1,"Voice_SierżantWalunec","EQ29_s_hyphen_t_igor_valunec_0_HelloTopic_1_56612","Hello, stalker."
"vovcik","Wowczyk Kołdyba","HIGH_plus0","vovcik_0",1,"Voice_WowczykKołdyba","EQ60_Dialog_SkifHelpVovcik_help_start_44882","Oooh… aaah…"
"tarhun","Dimon Estragon","HIGH_plus0","tarhun_0",1,"Voice_DimonEstragon","EQ62_tarhun_0_ByeTopic_1_55481","Buh-bye."
"byna","Bynia","HIGH_plus0","byna_0",1,"Voice_Bynia","EQ75_Dialog_BynyaAskHelp_help_44416","Thanks, stalker."
"bespredel","Kostia Harmider","HIGH_plus0","bespredel_0",1,"Voice_KostiaHarmider","EQ97_bespredel_0_ByeTopic_1_53555","So long, stalker."
"vova_amalgama","Wowa Amalgamat","HIGH_plus0","vova_amalgama_0",1,"Voice_WowaAmalgamat","EQ98_Comment_Amalgama_ComeHere_Come_FF_38794","Over here, stalker!"
"gromkogovoritel_varty","Głośniki Straży","HIGH_plus0","gromkogovoritel_varty_0",1,"Voice_GłośnikiStraży","Himzavod_Hub_PropTopic_12_PropTopic_12_62138","The medical block’s blood donation center is now operating 24/7. We currently have a critical need for blood types AB+ and A-."
"major_dvorenkov","Major Dworiankow","HIGH_plus0","major_dvorenkov_0",1,"Voice_MajorDworiankow","Himzavod_Hub_major_dvorenkov_0_HelloTopic_HelloTopic_61507","I’m listening, stalker."
"serzant_krasovskij","Sierżant Krasowski","HIGH_plus0","serzant_krasovskij_0",1,"Voice_SierżantKrasowski","IKAR_Hub_GCA_3_1_PP_62643","Psst, stalker."
"spica","Igła","HIGH_plus0","spica_0",1,"Voice_Igła","Malahit_Hub_spica_0_HelloTopic_HelloTopicBadRep_62640","(sighs heavily)"
"viktor_koska","Wiktor Kiszka","HIGH_plus0","viktor_koska_0",1,"Voice_WiktorKiszka","Malahit_Hub_viktor_koska_0_ByeTopic_ByeTopicBadRep_62671","(big yawn)"
"vektor","Wektor","HIGH_plus0","vektor_0",1,"Voice_Wektor","NoonBase_Hub_vektor_0_ByeTopic_1_60548","See ya, stalker."
"bizon","Bizon","HIGH_plus0","bizon_0",1,"Voice_Bizon","Pripyat_Hub_bizon_0_HelloTopic_HelloTopic_62869","Hidey-ho, stalker."
"mikluha","Mikłucha","HIGH_plus0","mikluha_0",1,"Voice_Mikłucha","Rostok_Hub_PropTopic_14_1_61858","If you cherish a life of freedom among peers, come join our faction. You’re welcome anytime, day or night, 24-7."
"grisa_valenok","Walik Baran","HIGH_plus0","grisa_valenok_0",1,"Voice_WalikBaran","SQ01_grisa_valenok_0_ByeTopic_bye_41685","Bye-bye!"
"malenkij_mitaj","Mały Mitiaj","HIGH_plus0","malenkij_mitaj_0",1,"Voice_MałyMitiaj","SQ02_Comment_TreeMemories_memory_43385","Psst! Get in, quick. We’re playing hide and seek. Wanna hide with me?"
"mitaj","Mitiaj","HIGH_plus0","mitaj_0",1,"Voice_Mitiaj","SQ02_Dialog_MitiayStartQuest_S_WhatToDo_41293","When my parents and I were evacuated after the accident in ’86, we left a family heirloom in the root cellar. An old Orthodox icon."
"leha_ogurcik","Aleks Ogórek","HIGH_plus0","leha_ogurcik_0",1,"Voice_AleksOgórek","SQ05_leha_ogurcik_0_DefeatComment_DefeatComment_44517","Argh, you prick!"
"sinaj","Siny","HIGH_plus0","sinaj_0",1,"Voice_Siny","SQ10_Comment_JumperNoticesPlayer_SomeoneIsComing_47459","(groans)"
"lukic","Lukicz","HIGH_plus0","lukic_0",1,"Voice_Lukicz","SQ18_lukic_0_ByeTopic_lukic_bye_48056","See ya, stalker."
"polak","Polak","HIGH_plus0","polak_0",1,"Voice_Polak","SQ18_polak_0_ResumeComment_resumecomment_53939","So, stalker..."
"igor_valter","Ihor Valter","HIGH_plus0","igor_valter_0",1,"Voice_IhorValter","SQ20_Dialog_WalterHint_2_86374","Important people bet big money on you. And they don't like to lose."
"tiran","Tyran","HIGH_plus0","tiran_0",1,"Voice_Tyran","SQ20_tiran_0_ByeTopic_1_68494","Buh-bye."
"grisa_borec","Grisza Zapaśnik","HIGH_plus0","grisa_borec_0",1,"Voice_GriszaZapaśnik","SQ25_grisa_borec_0_ResumeComment_1_57479","So, stalker…"
"leha_kul","Liocha Baggins","HIGH_plus0","leha_kul_0",1,"Voice_LiochaBaggins","SQ47_Comment_LehaLeave_1_53357","Beat it, stalker."
"leva_borzoj","Lewa Borzoj","HIGH_plus0","leva_borzoj_0",1,"Voice_LewaBorzoj","SQ47_leva_borzoj_0_HelloTopic_hello_58201","Whoa there, stalker!"
"genij","Mytryk Geniusz","HIGH_plus0","genij_0",1,"Voice_MytrykGeniusz","SQ86_genij_0_ByeTopic_Bye_52867","Bye, stalker."
"vana_tarantul","Wania Tarantula","HIGH_plus0","vana_tarantul_0",1,"Voice_WaniaTarantula","SQ89_Comment_MercsFinished_1_67140","Yep, got the coupons! Perfect timing. Pleasure doing business with you."
"kluc_0","Klucz","HIGH_exact","kluc_0",1,"Voice_Klucz","supack_SQ101_AL_VozWithCherepVar2_1_79280","Hey, man! What's up?! Hey… Hey! What the hell?! Drop the gun! Drop—"
